DROP TABLE IF EXISTS ETU_ELEMENT;
DROP TABLE IF EXISTS ETU_VALIDATION;
DROP TABLE IF EXISTS ETU_RESULTAT;
DROP TABLE IF EXISTS ETU_RECONNAISSANCE;

CREATE TABLE ETU_ELEMENT (
       ID INT PRIMARY KEY,
       PARENT INT,
       TITLE VARCHAR(50)
);

CREATE TABLE ETU_VALIDATION (
       ID INT PRIMARY KEY,
       ETU_ELEMENT_ID INT,
       GRADE REAL,
       ECTS REAL,
       ETAT_VALIDATION VARCHAR(50)
);

CREATE TABLE ETU_RESULTAT (
       ID INT PRIMARY KEY,
       ETU_ELEMENT_ID INT,
       TRIES INT,
       GRADE REAL
);

CREATE TABLE ETU_RECONNAISSANCE (
       ID INT PRIMARY KEY,
       ETU_ELEMENT_ID INT,
       ETU_ELEMENT_ID_RECONNU INT,
       TYPE VARCHAR(50),
       GRADE REAL,
       ECTS REAL
);

INSERT INTO ETU_ELEMENT (ID, PARENT, TITLE) VALUES (1, NULL, 'Plan d''études');
INSERT INTO ETU_ELEMENT (ID, PARENT, TITLE) VALUES (2, 1, 'Module 1');
INSERT INTO ETU_ELEMENT (ID, PARENT, TITLE) VALUES (3, 1, 'Module 2');
INSERT INTO ETU_ELEMENT (ID, PARENT, TITLE) VALUES (4, 1, 'Module 3');
INSERT INTO ETU_ELEMENT (ID, PARENT, TITLE) VALUES (5, 4, 'UE 1');
INSERT INTO ETU_ELEMENT (ID, PARENT, TITLE) VALUES (6, 4, 'UE 2');
INSERT INTO ETU_ELEMENT (ID, PARENT, TITLE) VALUES (7, 4, 'UE 3');
INSERT INTO ETU_ELEMENT (ID, PARENT, TITLE) VALUES (8, 1, 'Module 4 - Reconnaissance');
INSERT INTO ETU_ELEMENT (ID, PARENT, TITLE) VALUES (9, 1, 'Module 5');
INSERT INTO ETU_ELEMENT (ID, PARENT, TITLE) VALUES (10, 9, 'UE - Dispense');
INSERT INTO ETU_ELEMENT (ID, PARENT, TITLE) VALUES (11, 9, 'UE - Reconnaissance');
INSERT INTO ETU_ELEMENT (ID, PARENT, TITLE) VALUES (12, 1, 'Module 6');
INSERT INTO ETU_ELEMENT (ID, PARENT, TITLE) VALUES (13, 12, 'UE 4A - Equivalence');
INSERT INTO ETU_ELEMENT (ID, PARENT, TITLE) VALUES (14, 12, 'UE 4B - Reconnu');

INSERT INTO ETU_VALIDATION (ID, GRADE, ECTS, ETU_ELEMENT_ID, ETAT_VALIDATION) VALUES (1, 5, 60, 1, 'NON_VALIDE');
INSERT INTO ETU_VALIDATION (ID, GRADE, ECTS, ETU_ELEMENT_ID, ETAT_VALIDATION) VALUES (2, 5.5, 30, 2, 'ACQUIS');
INSERT INTO ETU_VALIDATION (ID, GRADE, ECTS, ETU_ELEMENT_ID, ETAT_VALIDATION) VALUES (3, 4.5, 15, 3, 'ACQUIS');
INSERT INTO ETU_VALIDATION (ID, GRADE, ECTS, ETU_ELEMENT_ID, ETAT_VALIDATION) VALUES (4, 4.5, 15, 4, 'ACQUIS');
INSERT INTO ETU_VALIDATION (ID, GRADE, ECTS, ETU_ELEMENT_ID, ETAT_VALIDATION) VALUES (5, 5, 15, 5, 'ACQUIS');
INSERT INTO ETU_VALIDATION (ID, GRADE, ECTS, ETU_ELEMENT_ID, ETAT_VALIDATION) VALUES (6, 4, 15, 6, 'ACQUIS');
INSERT INTO ETU_VALIDATION (ID, GRADE, ECTS, ETU_ELEMENT_ID, ETAT_VALIDATION) VALUES (7, 6, 30, 7, 'ACQUIS');
INSERT INTO ETU_VALIDATION (ID, GRADE, ECTS, ETU_ELEMENT_ID, ETAT_VALIDATION) VALUES (8, 5, 15, 8, 'ACQUIS');
INSERT INTO ETU_VALIDATION (ID, GRADE, ECTS, ETU_ELEMENT_ID, ETAT_VALIDATION) VALUES (9, 4, 5, 9, 'ACQUIS');
INSERT INTO ETU_VALIDATION (ID, GRADE, ECTS, ETU_ELEMENT_ID, ETAT_VALIDATION) VALUES (10, 4, 3, 10, 'ACQUIS');
INSERT INTO ETU_VALIDATION (ID, GRADE, ECTS, ETU_ELEMENT_ID, ETAT_VALIDATION) VALUES (11, 4.5, 3, 11, 'ACQUIS');
INSERT INTO ETU_VALIDATION (ID, GRADE, ECTS, ETU_ELEMENT_ID, ETAT_VALIDATION) VALUES (12, 4.5, 5, 12, 'ACQUIS');
INSERT INTO ETU_VALIDATION (ID, GRADE, ECTS, ETU_ELEMENT_ID, ETAT_VALIDATION) VALUES (13, 4.5, 5, 13, 'ACQUIS');
INSERT INTO ETU_VALIDATION (ID, GRADE, ECTS, ETU_ELEMENT_ID, ETAT_VALIDATION) VALUES (14, NULL, NULL, 14, 'REMPLACE');

INSERT INTO ETU_RESULTAT (ID, TRIES, GRADE, ETU_ELEMENT_ID) VALUES (1, 1, 3.5, 5);
INSERT INTO ETU_RESULTAT (ID, TRIES, GRADE, ETU_ELEMENT_ID) VALUES (2, 2, 5, 5);
INSERT INTO ETU_RESULTAT (ID, TRIES, GRADE, ETU_ELEMENT_ID) VALUES (3, 1, 2, 6);
INSERT INTO ETU_RESULTAT (ID, TRIES, GRADE, ETU_ELEMENT_ID) VALUES (4, 2, 3, 6);
INSERT INTO ETU_RESULTAT (ID, TRIES, GRADE, ETU_ELEMENT_ID) VALUES (5, 1, 3.5, 7);
INSERT INTO ETU_RESULTAT (ID, TRIES, GRADE, ETU_ELEMENT_ID) VALUES (6, 1, 4, 7);
INSERT INTO ETU_RESULTAT (ID, TRIES, GRADE, ETU_ELEMENT_ID) VALUES (7, 1, 6, 7);

INSERT INTO ETU_RECONNAISSANCE (ID, ETU_ELEMENT_ID, TYPE, GRADE, ECTS) VALUES (1, 10, 'DISPENSE', 4, 3);
INSERT INTO ETU_RECONNAISSANCE (ID, ETU_ELEMENT_ID, TYPE, GRADE, ECTS) VALUES (2, 11, 'RECONNAISSANCE', 4.5, 3);
INSERT INTO ETU_RECONNAISSANCE (ID, ETU_ELEMENT_ID, TYPE, GRADE, ECTS) VALUES (3, 8, 'RECONNAISSANCE', 4.5, 5);
INSERT INTO ETU_RECONNAISSANCE (ID, ETU_ELEMENT_ID, ETU_ELEMENT_ID_RECONNU, TYPE, GRADE, ECTS) VALUES (4, 13, 14, 'EQUIVALENCE', 4.5, 5);
